{"accuracy": [0.3692307770252228, 0.5384615659713745, 0.7076923251152039, 0.692307710647583, 0.6769230961799622, 0.7076923251152039, 0.7538461685180664, 0.7230769395828247, 0.7692307829856873, 0.7538461685180664, 0.8307692408561707, 0.7692307829856873, 0.7846153974533081, 0.8153846263885498, 0.7692307829856873, 0.800000011920929, 0.7846153974533081, 0.8461538553237915, 0.800000011920929, 0.8153846263885498, 0.800000011920929, 0.8769230842590332, 0.800000011920929, 0.8153846263885498, 0.8769230842590332, 0.8461538553237915, 0.8769230842590332, 0.892307698726654, 0.9384615421295166, 0.9076923131942749, 0.8461538553237915, 0.8615384697914124, 0.8615384697914124, 0.7538461685180664, 0.9384615421295166, 0.800000011920929, 0.892307698726654, 0.892307698726654, 0.8615384697914124, 0.8307692408561707, 0.9384615421295166, 0.892307698726654], "loss": [1.9023582935333252, 1.807507872581482, 1.6440399885177612, 1.4050167798995972, 1.1956214904785156, 0.9476994872093201, 0.8444783687591553, 0.720308244228363, 0.6160167455673218, 0.5643219351768494, 0.48833173513412476, 0.5682238340377808, 0.5389310121536255, 0.5319697260856628, 0.6577991247177124, 0.43158158659935, 0.45528343319892883, 0.5039508938789368, 0.493858277797699, 0.4079696536064148, 0.43395477533340454, 0.30640050768852234, 0.3959487974643707, 0.4277544915676117, 0.3621850609779358, 0.47780492901802063, 0.3948335349559784, 0.3255545198917389, 0.23495689034461975, 0.2387276440858841, 0.4172912538051605, 0.306231290102005, 0.29881325364112854, 0.4466910660266876, 0.18776878714561462, 0.46871691942214966, 0.24432609975337982, 0.3277726471424103, 0.43345847725868225, 0.446505069732666, 0.13218367099761963, 0.2824271619319916], "val_accuracy": [0.1764705926179886, 0.1764705926179886, 0.11764705926179886, 0.11764705926179886, 0.11764705926179886, 0.11764705926179886, 0.11764705926179886, 0.11764705926179886, 0.11764705926179886, 0.11764705926179886, 0.11764705926179886, 0.11764705926179886, 0.11764705926179886, 0.1764705926179886, 0.4117647111415863, 0.529411792755127, 0.4117647111415863, 0.4117647111415863, 0.4117647111415863, 0.4117647111415863, 0.529411792755127, 0.529411792755127, 0.529411792755127, 0.529411792755127, 0.529411792755127, 0.6470588445663452, 0.8823529481887817, 0.7058823704719543, 0.6470588445663452, 0.6470588445663452, 0.6470588445663452, 0.7058823704719543, 0.7647058963775635, 0.8235294222831726, 0.7647058963775635, 0.7647058963775635, 0.7647058963775635, 0.5882353186607361, 0.6470588445663452, 0.5882353186607361, 0.5882353186607361, 0.6470588445663452], "val_loss": [1.9063702821731567, 1.88490629196167, 1.8798844814300537, 1.9546748399734497, 2.1892452239990234, 2.6289730072021484, 3.1058971881866455, 3.426337718963623, 3.532640218734741, 3.2246663570404053, 2.9332027435302734, 2.7631280422210693, 2.625967502593994, 2.0785558223724365, 1.4550371170043945, 1.2290302515029907, 1.3413689136505127, 1.3499643802642822, 1.3940223455429077, 1.324690580368042, 1.0726196765899658, 1.0764602422714233, 1.2638845443725586, 1.36211097240448, 1.1570425033569336, 0.7424989342689514, 0.48733755946159363, 0.5713565349578857, 0.6182581782341003, 0.6978616118431091, 0.822665810585022, 0.764092743396759, 0.7677398920059204, 0.6027335524559021, 0.701416552066803, 0.7739496827125549, 0.8105978965759277, 0.9859305024147034, 1.0355652570724487, 1.3324116468429565, 1.3224153518676758, 1.1416866779327393]}